{
  "project_info": {
    "project_number": "27175982191",
    "firebase_url": "https://test-project-8f7bd.firebaseio.com",
    "project_id": "test-project-8f7bd",
    "storage_bucket": "test-project-8f7bd.appspot.com"
  },
  "client": [
    {
      "client_info": {
        "mobilesdk_app_id": "1:27175982191:android:c7721a34575b69a1",
        "android_client_info": {
          "package_name": "com.example.firebasetest"
        }
      },
      "oauth_client": [
        {
          "client_id": "27175982191-4udqb5fa7escoiaj8h25bts46ee434ae.apps.googleusercontent.com",
          "client_type": 1,
          "android_info": {
            "package_name": "com.example.firebasetest",
            "certificate_hash": "a54a91277edeca1fd56c42c57fc2c3bcb0154765"
          }
        },
        {
          "client_id": "27175982191-b5qsjt3uqdmv0319osuaqnpcnqekboj7.apps.googleusercontent.com",
          "client_type": 3
        }
      ],
      "api_key": [
        {
          "current_key": "AIzaSyBX6Ff9VflSywwqUM9iEVLD86vwxN2DeqE"
        }
      ],
      "services": {
        "appinvite_service": {
          "other_platform_oauth_client": [
            {
              "client_id": "27175982191-b5qsjt3uqdmv0319osuaqnpcnqekboj7.apps.googleusercontent.com",
              "client_type": 3
            }
          ]
        }
      }
    }
  ],
  "configuration_version": "1"
}